Package Name,Size (KB),Percentage of Total Size
libreoffice-core,330092887,4.3700
firefox,233857107,3.0900
glibc-all-langpacks,228747891,3.0300
java-17-openjdk-headless,221441167,2.9300
edk2-aarch64,216111137,2.8600
kernel-core,135358899,1.7900
kernel-core,133108080,1.7600
ibus,117203416,1.5500
llvm-libs,116716560,1.5400
containerd.io,101168184,1.3400
linux-firmware,99158329,1.3100
cldr-emoji-annotation,98675354,1.3000
gcc,86619817,1.1400
mesa-dri-drivers,84137412,1.1100
docker-ce,77927577,1.0300
kernel-devel,72644982,.9600
kernel-devel,70856626,.9300
google-noto-sans-cjk-vf-fonts,64613102,.8500
geolite2-city,62712603,.8300
docker-buildx-plugin,62168336,.8200
docker-compose-plugin,61407998,.8100
webkit2gtk4.1,60765273,.8000
webkitgtk6.0,60623532,.8000
firefox-langpacks,57722650,.7600
python3-libs,57265389,.7500
gnome-user-docs,56056706,.7400
libpinyin-data,51446292,.6800
glibc-gconv-extra,51442372,.6800
podman,50273088,.6600
qt6-qtdeclarative,49002825,.6400
kernel-modules,47443156,.6200
kernel-modules,47159260,.6200
guile22,46403113,.6100
iwlwifi-mvm-firmware,43894286,.5800
ibus-libzhuyin,42306970,.5600
qemu-user-static-mips,39184962,.5100
libicu,37910967,.5000
mesa-vulkan-drivers,37730376,.4900
unicode-ucd,34844147,.4600
frei0r-plugins,33550569,.4400
kernel-modules-core,32377635,.4200
ImageMagick-libs,32050948,.4200
kernel-modules-core,32005704,.4200
docker-ce-cli,31979323,.4200
hplip,31112910,.4100
binutils,30758909,.4000
flite,29792512,.3900
gutenprint,29420134,.3800
cpp,29380495,.3800
speech-dispatcher,28717825,.3800
graphviz,28663497,.3700
libreoffice-help-en,28650461,.3700
libreoffice-calc,28182071,.3700
qt6-qtbase-gui,27918068,.3600
anthy-unicode,27676735,.3600
gstreamer1-plugins-bad-free,27092615,.3500
libvirt-libs,26395279,.3400
qemu-system-aarch64-core,25898940,.3400
amd-gpu-firmware,25734929,.3400
gnome-backgrounds,25515937,.3300
qt5-qtbase-gui,25362862,.3300
systemd,25266842,.3300
libgs,25210282,.3300
qemu-user-static-xtensa,24442756,.3200
util-linux,24403609,.3200
gnome-control-center,23842064,.3100
libgweather4,23411205,.3100
httpd-core,23065600,.3000
openblas-openmp,23020540,.3000
atheros-firmware,22857583,.3000
sane-backends-drivers-cameras,22602345,.2900
gtk3,22340629,.2900
git-core,21835859,.2800
coreutils,21788178,.2800
mythes-en,21736328,.2800
qemu-user-static-ppc,21587632,.2800
javascriptcoregtk4.1,21435918,.2800
javascriptcoregtk6.0,21433076,.2800
sane-backends-drivers-scanners,21193080,.2800
gtk4,21179849,.2800
samba-client-libs,20965212,.2700
qt5-qtdeclarative,20565955,.2700
qemu-user-static-aarch64,20149926,.2600
iptables-libs,20141226,.2600
iso-codes,19327204,.2500
systemd-udev,18914438,.2500
selinux-policy-targeted,18827831,.2400
libphonenumber,18438116,.2400
podman-gvproxy,18053942,.2300
brltty,17581820,.2300
git-core-doc,17251475,.2200
qemu-user-static-sparc,17240888,.2200
orca,16868937,.2200
gstreamer1-plugins-good,16715798,.2200
evolution-data-server,15931110,.2100
glib2,15926097,.2100
docker-ce-rootless-extras,15457264,.2000
gegl04,15356175,.2000
adobe-mappings-cmap,15045977,.1900
python3-pip,14998608,.1900
cups,14811921,.1900
qemu-user-static-arm,14799275,.1900
nautilus,14617256,.1900
selinux-policy-devel,14553009,.1900
rhythmbox,14543347,.1900
pipewire-libs,14453700,.1900
qemu-user-static-riscv,14244292,.1800
mutter,14210579,.1800
lpcnetfreedv,14172419,.1800
gdb-headless,14142804,.1800
appstream-data,13916829,.1800
capstone,13649471,.1800
anaconda-core,13280677,.1700
libreoffice-writer,13181626,.1700
espeak-ng,13125654,.1700
abseil-cpp,13081047,.1700
gstreamer1-plugins-base,13036397,.1700
poppler-data,12947088,.1700
qemu-user-static-x86,12942986,.1700
ModemManager,12813692,.1600
mesa-va-drivers,12702865,.1600
qt6-qtbase,12699624,.1600
liblouis,12603677,.1600
gnome-shell,12554276,.1600
gnupg2,12421367,.1600
mozjs102,12279757,.1600
adwaita-cursor-theme,12103345,.1600
libreoffice-ure,12052436,.1500
gnome-software,12000977,.1500
qt5-qtbase,11948145,.1500
libnl3-cli,11806757,.1500
pam,11723249,.1500
f38-backgrounds-base,11681192,.1500
perl-Encode,11422234,.1500
coreutils-common,11297071,.1400
qemu-user-static-sh4,11184238,.1400
zenity,11181059,.1400
qemu-user-static-microblaze,11073820,.1400
librados2,10840764,.1400
google-noto-emoji-color-fonts,10768525,.1400
qemu-img,10723549,.1400
libgphoto2,10711197,.1400
librbd1,10689931,.1400
tracker-miners,10486641,.1300
evince,10456048,.1300
perl-libs,10369455,.1300
flexiblas-netlib,10239511,.1300
file-libs,10158873,.1300
NetworkManager-libnm,10140481,.1300
brcmfmac-firmware,9988222,.1300
glibc,9985332,.1300
qt5-qtquickcontrols2,9947102,.1300
cracklib-dicts,9725179,.1200
sssd-common,9717380,.1200
qt5-qtwayland,9425581,.1200
qt6-qtwayland,9393116,.1200
gnome-settings-daemon,9322177,.1200
hwdata,9241993,.1200
gnome-terminal,9139591,.1200
netavark,9112864,.1200
totem,9057382,.1100
python3-setuptools,8919455,.1100
libavcodec-free,8761302,.1100
bash,8697516,.1100
intel-gpu-firmware,8652099,.1100
evolution-data-server-langpacks,8633883,.1100
qemu-user-static-hexagon,8562994,.1100
ibus-anthy,8479181,.1100
eog,7987933,.1000
grub2-tools,7853472,.1000
freerdp-libs,7806131,.1000
fwupd,7680683,.1000
open-vm-tools,7668499,.1000
mt7xxx-firmware,7532461,.0900
toolbox,7433194,.0900
shadow-utils,7422859,.0900
gnome-calculator,7404193,.0900
opensc,7396201,.0900
openssl-libs,7350122,.0900
gnome-disk-utility,7212424,.0900
e2fsprogs,7196284,.0900
NetworkManager,7103281,.0900
gstreamer1,7042034,.0900
glusterfs,6991065,.0900
libhangul,6969987,.0900
rygel,6921244,.0900
xkeyboard-config,6882554,.0900
flatpak,6741609,.0800
gdm,6712596,.0800
gnome-boxes,6701269,.0800
btrfs-progs,6688361,.0800
system-config-printer-libs,6569152,.0800
google-droid-sans-fonts,6554442,.0800
grub2-tools-extra,6529620,.0800
wpa_supplicant,6465829,.0800
babl,6404695,.0800
libtimezonemap,6388395,.0800
sudo,6351586,.0800
libmwaw,6342174,.0800
python3-policycoreutils,6250397,.0800
util-linux-core,6182485,.0800
qemu-user-static-s390x,6109800,.0800
kernel-headers,6105382,.0800
grub2-efi-aa64,6097447,.0800
grub2-efi-aa64-cdboot,6096364,.0800
glibc-langpack-en,5974818,.0700
python3-lxml,5963650,.0700
spirv-tools-libs,5950658,.0700
cups-filters,5925636,.0700
ipp-usb,5911910,.0700
qemu-user-static-m68k,5839107,.0700
gtkmm3.0,5782257,.0700
lua-posix,5712481,.0700
qemu-user-static-hppa,5677092,.0700
xorg-x11-server-Xorg,5661761,.0700
qemu-user-static-alpha,5599048,.0700
device-mapper-multipath-libs,5591811,.0700
xfsprogs,5571926,.0700
libqmi,5570949,.0700
qemu-user-static-loongarch64,5549022,.0700
gnome-system-monitor,5535202,.0700
python3-crypto,5533567,.0700
qemu-user-static-cris,5532401,.0700
qemu-user-static-or1k,5515083,.0700
grub2-common,5484886,.0700
bluez,5458777,.0700
qemu-user-static-nios2,5441980,.0700
gtksourceview5,5437046,.0700
openexr-libs,5420441,.0700
shared-mime-info,5415413,.0700
kbd,5401257,.0700
grilo-plugins,5365307,.0700
suitesparse,5283101,.0600
clutter,5282738,.0600
groff-base,5272932,.0600
fedora-workstation-backgrounds,5257885,.0600
gsettings-desktop-schemas,5139411,.0600
nm-connection-editor,5121780,.0600
ibus-typing-booster,5121212,.0600
tcl,5118281,.0600
nvme-cli,5095306,.0600
libxcb,5082054,.0600
gnome-keyring,4983782,.0600
simple-scan,4970557,.0600
python3-cryptography,4969758,.0600
words,4959394,.0600
gnome-maps,4959385,.0600
elfutils,4920474,.0600
tslib,4879780,.0600
python3-libdnf,4845440,.0600
cups-ipptool,4842922,.0600
PackageKit,4778946,.0600
gtksourceview4,4769317,.0600
ntfsprogs,4758138,.0600
libuser,4742580,.0600
colord,4739194,.0600
exiv2,4698119,.0600
man-db,4647264,.0600
adobe-mappings-pdf,4600301,.0600
python3-blivet,4585144,.0600
nfs-utils,4570720,.0600
bind-libs,4566743,.0600
librsvg2,4515170,.0500
libreoffice-xsltfilter,4509049,.0500
nss-softokn,4476163,.0500
gvfs-client,4463431,.0500
highcontrast-icon-theme,4451308,.0500
alsa-utils,4439809,.0500
gnome-desktop3,4432308,.0500
julietaula-montserrat-fonts,4354816,.0500
tpm2-tss,4349990,.0500
python3-pillow,4349039,.0500
abrt,4346929,.0500
gawk,4341610,.0500
libavfilter-free,4329710,.0500
openssl-devel,4322313,.0500
openconnect,4200190,.0500
gavl,4187393,.0500
gnome-photos,4175520,.0500
lvm2,4132851,.0500
tesseract-langpack-eng,4113088,.0500
libibverbs,4093875,.0500
procps-ng,4079323,.0500
gnome-color-manager,4036231,.0500
geolite2-country,4033110,.0500
iproute,4014014,.0500
poppler,4012761,.0500
pulseaudio-libs,3988103,.0500
ppp,3977938,.0500
gdouros-symbola-fonts,3966348,.0500
grub2-tools-minimal,3925874,.0500
lvm2-libs,3924729,.0500
shim-aa64,3897411,.0500
rpm,3835115,.0500
glusterfs-client-xlators,3814060,.0500
gnome-characters,3782470,.0500
iptables-nft,3776325,.0500
pipewire-utils,3765571,.0400
bison,3765333,.0400
libselinux-utils,3677300,.0400
qt5-qtxmlpatterns,3649783,.0400
source-highlight,3647148,.0400
folks,3641386,.0400
sos,3638074,.0400
svt-av1-libs,3629298,.0400
NetworkManager-openconnect,3604436,.0400
gvfs,3586619,.0400
wireplumber-libs,3574914,.0400
krb5-libs,3565562,.0400
osinfo-db,3517694,.0400
gnutls,3493453,.0400
google-noto-serif-vf-fonts,3474483,.0400
appstream,3461985,.0400
epiphany-runtime,3455883,.0400
wget,3421025,.0400
leptonica,3408729,.0400
libaom,3405493,.0400
protobuf,3401467,.0400
stix-fonts,3383246,.0400
sane-backends,3379662,.0400
tigervnc-server-minimal,3373381,.0400
libreoffice-data,3353956,.0400
python3-paste,3333998,.0400
ibus-libpinyin,3326392,.0400
net-snmp-libs,3323749,.0400
glibmm2.4,3301177,.0400
cyrus-sasl-lib,3252954,.0400
tar,3245201,.0400
tesseract,3230952,.0400
python3-kickstart,3196705,.0400
nano,3188068,.0400
anaconda-gui,3160289,.0400
binutils-gold,3156947,.0400
libshaderc,3138977,.0400
libldb,3080243,.0400
lttng-ust,3050710,.0400
gdk-pixbuf2,3029479,.0400
openssh-clients,3011436,.0300
parted,2987071,.0300
libvirt-daemon-driver-qemu,2963946,.0300
exiv2-libs,2923794,.0300
gnome-session,2919609,.0300
python3-firewall,2917456,.0300
policycoreutils,2892457,.0300
man-pages,2880537,.0300
udisks2,2872606,.0300
cheese-libs,2863770,.0300
device-mapper-persistent-data,2848581,.0300
mediawriter,2847241,.0300
libstdc++,2844036,.0300
net-tools,2834876,.0300
ipxe-roms-qemu,2829789,.0300
python3-dnf,2821144,.0300
libvirt-daemon,2811969,.0300
google-carlito-fonts,2772190,.0300
libexif,2750872,.0300
libavformat-free,2745448,.0300
qpdf-libs,2736857,.0300
gnome-online-accounts,2736662,.0300
poppler-utils,2715934,.0300
python3-setools,2709971,.0300
libreport,2700390,.0300
xdg-desktop-portal,2700374,.0300
LibRaw,2689630,.0300
libetonyek,2677749,.0300
harfbuzz,2673642,.0300
qemu-common,2663569,.0300
ctags,2634423,.0300
glibc-common,2615552,.0300
libcdio,2610752,.0300
fontconfig,2601858,.0300
kbd-misc,2598925,.0300
samba-client,2592793,.0300
libadwaita,2544228,.0300
gts,2518581,.0300
urw-base35-nimbus-sans-fonts,2505850,.0300
python3-simpleaudio,2495868,.0300
libreoffice-ure-common,2469703,.0300
libwnck3,2468410,.0300
xorg-x11-server-Xwayland,2444351,.0300
systemd-libs,2443416,.0300
gnome-initial-setup,2438682,.0300
yelp,2435666,.0300
dnf,2422706,.0300
libreoffice-gtk3,2416762,.0300
gcr3,2408887,.0300
libical,2400390,.0300
tracker,2396752,.0300
ca-certificates,2395522,.0300
realtek-firmware,2387434,.0300
libstaroffice,2387008,.0300
systemd-networkd,2369758,.0300
libvpx,2367310,.0300
gnome-contacts,2364386,.0300
ncurses-libs,2355175,.0300
systemd-container,2350755,.0300
aardvark-dns,2337848,.0300
bind-utils,2317304,.0300
clucene-core,2301374,.0300
jomolhari-fonts,2297766,.0300
libxml2,2293216,.0300
openvpn,2280037,.0300
python3-regex,2271367,.0300
glibc-devel,2264925,.0300
cryptsetup-libs,2238854,.0200
rpm-sequoia,2219454,.0200
libreoffice-gtk4,2215786,.0200
dhcp-client,2213752,.0200
liblangtag-data,2208885,.0200
gdk-pixbuf2-modules,2208401,.0200
gnome-text-editor,2206845,.0200
diffutils,2203202,.0200
evince-libs,2193609,.0200
iscsi-initiator-utils,2189216,.0200
open-sans-fonts,2185780,.0200
python3-chardet,2183178,.0200
p11-kit,2181723,.0200
libreoffice-pyuno,2179173,.0200
firewalld,2150708,.0200
libv4l,2148377,.0200
nss,2142284,.0200
mariadb-connector-c,2133880,.0200
gnome-calendar,2127498,.0200
gutenprint-cups,2120685,.0200
libreoffice-impress,2118943,.0200
m17n-db,2108526,.0200
rav1e-libs,2103001,.0200
SDL2,2102853,.0200
checkpolicy,2102384,.0200
quota,2093757,.0200
gcr-libs,2080295,.0200
rubberband,2076652,.0200
libdnf,2068197,.0200
libgdata,2067469,.0200
pango,2065088,.0200
libwps,2054369,.0200
liborcus,2041840,.0200
zvbi,2038721,.0200
mpfr,2035717,.0200
cogl,2035453,.0200
gst-editing-services,2020188,.0200
gnutls-utils,2006157,.0200
audit,2004011,.0200
fwupd-plugin-uefi-capsule-data,2000096,.0200
cairo,1998742,.0200
libical-glib,1984859,.0200
openssh,1972540,.0200
libunistring,1960989,.0200
libunistring1.0,1959651,.0200
alsa-lib,1934816,.0200
at-spi2-core,1928878,.0200
pcsc-lite-ccid,1913795,.0200
iwlwifi-dvm-firmware,1907774,.0200
make,1899735,.0200
libdb,1889950,.0200
djvulibre-libs,1887192,.0200
adobe-source-code-pro-fonts,1886539,.0200
psmisc,1854629,.0200
dracut,1834194,.0200
gjs,1833761,.0200
libosinfo,1817109,.0200
libappstream-glib,1812317,.0200
tpm2-tools,1811517,.0200
libnl3,1808583,.0200
gnome-tour,1807576,.0200
libglvnd,1787422,.0200
baobab,1780137,.0200
flashrom,1773631,.0200
grilo,1770358,.0200
mdevctl,1760660,.0200
vim-minimal,1759437,.0200
genisoimage,1756743,.0200
ncurses,1754110,.0200
libjxl,1745804,.0200
kexec-tools,1743072,.0200
gnome-clocks,1739327,.0200
fedora-logos,1739240,.0200
tcpdump,1737336,.0200
libinput,1735990,.0200
openssl,1735716,.0200
ModemManager-glib,1735484,.0200
findutils,1733750,.0200
userspace-rcu,1715566,.0200
tzdata,1712794,.0200
NetworkManager-openvpn,1703505,.0200
sssd-client,1697914,.0200
criu,1687795,.0200
exempi,1687117,.0200
texlive-lib,1679276,.0200
adwaita-icon-theme,1671942,.0200
libtracker-sparql,1665179,.0200
liberation-sans-fonts,1662268,.0200
libsamplerate,1647254,.0200
sil-padauk-fonts,1645551,.0200
python3-gpg,1629235,.0200
ladspa,1627364,.0200
libdrm,1627173,.0200
hunspell,1623245,.0200
xmlrpc-c,1622771,.0200
libcupsfilters,1618706,.0200
fftw-libs-double,1618061,.0200
cups-client,1614975,.0200
libgpod,1614620,.0200
libdazzle,1602983,.0200
blivet-gui-runtime,1597053,.0200
libevent,1595946,.0200
augeas-libs,1569072,.0200
urw-base35-p052-fonts,1557220,.0200
spice-glib,1555374,.0200
libopenmpt,1548718,.0200
libasan,1547838,.0200
python3-cffi,1542500,.0200
python-pip-wheel,1538542,.0200
libgfortran,1529502,.0200
liberation-serif-fonts,1528653,.0200
libvirt-daemon-driver-storage-core,1519465,.0200
unbound-libs,1517907,.0200
libwinpr,1514562,.0200
libhandy,1513262,.0200
libepoxy,1507708,.0100
sqlite-libs,1498098,.0100
libsoup,1497785,.0100
python3-langtable,1497040,.0100
hplip-libs,1482350,.0100
open-vm-tools-desktop,1475901,.0100
python3-beautifulsoup4,1466041,.0100
hplip-common,1466027,.0100
libcanberra,1465167,.0100
mbedtls,1465063,.0100
urw-base35-c059-fonts,1460518,.0100
yelp-xsl,1444364,.0100
iproute-tc,1443611,.0100
xz,1443230,.0100
avahi,1442154,.0100
libbabeltrace,1440253,.0100
codec2,1439463,.0100
roc-toolkit,1437771,.0100
iputils,1435210,.0100
libcap,1432119,.0100
cifs-utils,1430974,.0100
urw-base35-nimbus-roman-fonts,1429732,.0100
ostree,1428915,.0100
xorg-x11-drv-wacom,1428650,.0100
urw-base35-bookman-fonts,1428570,.0100
perl-Net-SSLeay,1418956,.0100
polkit,1412912,.0100
gstreamer1-plugins-ugly-free,1412453,.0100
libX11,1407852,.0100
gnome-font-viewer,1407813,.0100
google-noto-sans-vf-fonts,1404226,.0100
lpsolve,1403805,.0100
libglvnd-glx,1399078,.0100
taglib,1392942,.0100
p11-kit-server,1390657,.0100
gawk-all-langpacks,1389907,.0100
abrt-addon-ccpp,1369926,.0100
gettext-libs,1345224,.0100
lame-libs,1344847,.0100
libreoffice-graphicfilter,1342850,.0100
libvirt-client,1338446,.0100
plymouth,1334381,.0100
tmux,1329376,.0100
fprintd,1327481,.0100
spice-server,1327215,.0100
libvorbis,1326069,.0100
glib-networking,1323261,.0100
colord-libs,1323128,.0100
brasero-libs,1322040,.0100
dbus-daemon,1316308,.0100
lksctp-tools,1310127,.0100
nftables,1305067,.0100
brlapi,1298392,.0100
gamemode,1296086,.0100
libwebp,1295293,.0100
libcmis,1283945,.0100
libsoup3,1274804,.0100
kernel-modules-extra,1274304,.0100
kernel-modules-extra,1272872,.0100
libnma,1272628,.0100
psacct,1267219,.0100
libheif,1263791,.0100
nvidia-gpu-firmware,1262393,.0100
libgsf,1261662,.0100
libqmi-utils,1261657,.0100
gnome-bluetooth-libs,1256790,.0100
libvncserver,1247970,.0100
zxing-cpp,1246311,.0100
nss-mdns,1245135,.0100
httpd-tools,1242639,.0100
openssh-server,1241872,.0100
python3-systemd,1240914,.0100
exfatprogs,1232654,.0100
zeromq,1224528,.0100
gnome-connections,1223172,.0100
systemd-pam,1217933,.0100
urw-base35-gothic-fonts,1216723,.0100
libmbim,1212276,.0100
cpio,1211102,.0100
libX11-common,1208298,.0100
liberation-mono-fonts,1205335,.0100
libudisks2,1196768,.0100
usermode,1196081,.0100
libbrotli,1194674,.0100
rasqal,1190949,.0100
elfutils-libelf,1183265,.0100
zip,1176103,.0100
libgcrypt,1175802,.0100
wavpack,1173022,.0100
libgpg-error,1168182,.0100
python3-dnf-plugins-core,1164013,.0100
redland,1163424,.0100
NetworkManager-vpnc,1162652,.0100
libva,1159923,.0100
orc,1157798,.0100
qemu-pr-helper,1153703,.0100
gnome-remote-desktop,1151279,.0100
libpwquality,1149930,.0100
gupnp-dlna,1149714,.0100
catatonit,1145869,.0100
ostree-libs,1145702,.0100
qemu-guest-agent,1142659,.0100
mdadm,1138807,.0100
gdisk,1138565,.0100
qt6-qtsvg,1138553,.0100
python3-click,1132298,.0100
hunspell-en,1128580,.0100
grep,1120983,.0100
authselect-libs,1113336,.0100
NetworkManager-pptp,1112300,.0100
gnome-logs,1103903,.0100
urw-base35-nimbus-mono-ps-fonts,1100338,.0100
mpg123-libs,1094780,.0100
vapoursynth-libs,1085130,.0100
libtpms,1084638,.0100
gobject-introspection,1084237,.0100
libgnomekbd,1078684,.0100
libgee,1075071,.0100
realmd,1071074,.0100
xorg-x11-fonts-ISO8859-1-100dpi,1070851,.0100
flatpak-libs,1064526,.0100
libarchive,1063240,.0100
libvirt-daemon-driver-network,1053874,.0100
bash-completion,1053043,.0100
librevenge,1052901,.0100
bcache-tools,1037727,.0100
openldap,1035939,.0100
sssd-ipa,1035146,.0100
swtpm-tools,1029961,.0100
pulseaudio-utils,1029832,.0100
dos2unix,1028693,.0100
libnfsidmap,1018491,.0100
libsolv,1013266,.0100
pipewire-jack-audio-connection-kit-libs,1005429,.0100
gcr3-base,1004474,.0100
libstemmer,1004300,.0100
libmodulemd,1004112,.0100
m17n-lib,995132,.0100
libtomcrypt,995053,.0100
ibus-libs,985290,.0100
qgnomeplatform-qt5,980767,.0100
libgtop2,976942,.0100
python3-urllib3,974607,.0100
nettle,969166,.0100
flex,968909,.0100
freetype,966335,.0100
sed,965343,.0100
libcdr,963039,.0100
zram-generator,962217,.0100
elfutils-libs,961637,.0100
libthai,958342,.0100
cracklib,957843,.0100
libfprint,957748,.0100
libnice,957592,.0100
nss-softokn-freebl,952958,.0100
duktape,951504,.0100
qt5-qtgraphicaleffects,950835,.0100
srt-libs,946226,.0100
cups-libs,946022,.0100
qemu-virtiofsd,943829,.0100
libdav1d,942335,.0100
qemu-device-display-vhost-user-gpu,937405,.0100
python3-pyyaml,932150,.0100
libglusterfs0,928664,.0100
python3-gobject-base-noarch,928244,.0100
python3-dateutil,927214,.0100
ibus-anthy-python,927128,.0100
libvirt-daemon-driver-nwfilter,917459,.0100
curl,906688,.0100
libplacebo,906091,.0100
vamp-plugin-sdk,903084,.0100
libnumbertext,897989,.0100
libsepol,895635,.0100
lua,892493,.0100
libavutil-free,891116,.0100
libsecret,889968,.0100
python3-pycparser,888298,.0100
libxslt,886575,.0100
rpm-libs,885732,.0100
osinfo-db-tools,885423,.0100
python-systemd-doc,881444,.0100
python-setuptools-wheel,880927,.0100
python3-libreport,880287,.0100
libtheora,875174,.0100
libwpd,873902,.0100
gc,872928,.0100
libtiff,871049,.0100
pcre2,863002,.0100
chrony,858296,.0100
raptor2,855905,.0100
squashfs-tools,852592,.0100
dosfstools,852207,.0100
oniguruma,850549,.0100
libvirt-daemon-driver-nodedev,850515,.0100
libvirt-daemon-driver-interface,850065,.0100
libvirt-daemon-driver-secret,849851,.0100
libodfgen,848198,.0100
enchant2,844246,.0100
dconf,841138,.0100
dbus-tools,839580,.0100
rsync,836146,.0100
dnsmasq,835940,.0100
qgnomeplatform-qt6,834740,.0100
upower,831674,.0100
ethtool,829223,.0100
libao,827415,.0100
libmtp,822205,.0100
less,819531,.0100
vte291,819377,.0100
gpgme,817898,.0100
libzstd,815830,.0100
deltarpm,815780,.0100
geoclue2,815356,.0100
volume_key-libs,813547,.0100
xmlsec1,810774,.0100
highway,809906,.0100
xdg-desktop-portal-gnome,809773,.0100
boost-locale,808465,.0100
avahi-tools,806632,.0100
python3-libselinux,806554,.0100
efivar-libs,806426,.0100
glx-utils,803990,.0100
webrtc-audio-processing,802926,.0100
libppd,796017,.0100
gettext-runtime,795171,.0100
wireplumber,794178,.0100
glusterfs-fuse,792864,.0100
gnome-desktop4,790199,.0100
jemalloc,789039,.0100
e2fsprogs-libs,782559,.0100
python3-dbus,779799,.0100
libreoffice-pdfimport,776280,.0100
xorg-x11-drv-ati,771844,.0100
cryptsetup,769147,.0100
antiword,768856,.0100
pcre,764868,.0100
xvidcore,763279,.0100
flac-libs,760471,.0100
nspr,759808,.0100
gnupg2-smime,756017,.0100
gnome-menus,753805,0
NetworkManager-openvpn-gnome,752855,0
bluez-obexd,751840,0
python3-mako,751194,0
fuse,749559,0
unzip,745787,0
libadwaita-qt6,740308,0
gmp,739335,0
python3-pycurl,738336,0
setup,737479,0
pixman,736375,0
gnome-weather,735518,0
gnome-abrt,733049,0
lsof,731078,0
acl,722543,0
libusal,722122,0
systemd-resolved,721185,0
sssd-ad,718618,0
libwsman1,716115,0
xdg-desktop-portal-gtk,714942,0
teamd,709219,0
libsndfile,707488,0
attr,707309,0
ntfs-3g,707157,0
readline,706957,0
plocate,703781,0
libpinyin,700704,0
libvisio,694947,0
redhat-menus,688500,0
python3-gobject-base,686423,0
m4,685590,0
python3-unbound,684622,0
fribidi,684568,0
liblangtag,678726,0
mesa-libGL,677273,0
poppler-glib,675836,0
p11-kit-trust,672975,0
fdk-aac-free,671840,0
bolt,671499,0
virglrenderer,670946,0
usbutils,670190,0
libadwaita-qt5,669752,0
plymouth-core-libs,669196,0
libglvnd-gles,667410,0
pcre2-utf16,662432,0
lvm2-dbusd,660121,0
libidn2,659073,0
desktop-file-utils,654195,0
cups-browsed,653841,0
libcdio-paranoia,650417,0
jq,649453,0
device-mapper,644888,0
speexdsp,644529,0
netpbm,644150,0
json-glib,642028,0
libexttextcat,641298,0
perl-IO-Socket-SSL,640133,0
keyutils,636718,0
libplist,634486,0
libblkio,633192,0
python3-pexpect,631656,0
satyr,631338,0
dbus-broker,630364,0
avahi-libs,630310,0
mod_http2,629823,0
libatasmart,629399,0
ibus-m17n,627527,0
libreoffice-x11,627353,0
PackageKit-glib,626368,0
distribution-gpg-keys,625734,0
cyrus-sasl,624691,0
pam-libs,622895,0
libunwind,620276,0
google-noto-sans-arabic-vf-fonts,620084,0
perl-B,620062,0
gcr,619176,0
totem-pl-parser,616384,0
uchardet,614967,0
mtools,614774,0
NetworkManager-openconnect-gnome,614649,0
NetworkManager-vpnc-gnome,614598,0
yajl,613488,0
NetworkManager-pptp-gnome,613290,0
libcurl-minimal,611966,0
libxkbcommon,611882,0
abrt-addon-kerneloops,610243,0
passwd,609815,0
passwdqc-utils,609345,0
libbs2b,607473,0
sord,604910,0
woff2,604872,0
plymouth-graphics-libs,603251,0
trousers-lib,601395,0
libcanberra-gtk3,601234,0
libwacom-data,600512,0
libzhuyin,598564,0
python3-ply,598325,0
pcre2-utf32,596816,0
adobe-mappings-cmap-deprecated,596045,0
libssh,595349,0
libjpeg-turbo,594733,0
nmap-ncat,592152,0
python3-cairo,590972,0
anaconda-user-help,590937,0
google-noto-sans-math-fonts,590641,0
dmraid-libs,585575,0
google-noto-sans-mono-vf-fonts,578754,0
python3-audit,574848,0
perl-Pod-Simple,570852,0
hunspell-en-US,570772,0
hfsplus-tools,569954,0
crun,566973,0
libvirt-gconfig,566196,0
libvisual,565445,0
at-spi2-atk,565311,0
fuse-libs,563726,0
opencore-amr,563373,0
libe-book,561856,0
kbd-legacy,560926,0
audit-libs,560921,0
vulkan-loader,559010,0
libgomp,558898,0
js-jquery,557998,0
libepubgen,556799,0
hunspell-en-GB,556242,0
libXt,555529,0
conmon,555009,0
libubsan,551568,0
libfreehand,549795,0
gnome-shell-extension-common,545876,0
libnfs,543635,0
isns-utils-libs,540762,0
expat,540581,0
mesa-libglapi,538176,0
abattis-cantarell-fonts,537952,0
libksba,535498,0
yelp-libs,535494,0
libglvnd-opengl,534330,0
malcontent,533050,0
libdmapsharing4,530547,0
gutenprint-libs,530506,0
python3-idna,529571,0
passt,529137,0
gd,528875,0
libxmlb,528362,0
dbus-glib,527568,0
device-mapper-libs,524681,0
python3-beaker,523231,0
mobile-broadband-provider-info,521810,0
python3-hawkey,521429,0
google-noto-sans-ethiopic-vf-fonts,518425,0
imath,517606,0
NetworkManager-ssh,515985,0
clucene-contribs-lib,515162,0
libmbim-utils,511879,0
pipewire,511092,0
vpnc,508950,0
graphite2,508935,0
python3-simpleline,508850,0
libmpeg2,507149,0
libfdisk,507123,0
libbluray,506425,0
sssd-krb5-common,505537,0
libnvme,505370,0
anaconda-tui,502423,0
libpcap,502234,0
dbus-libs,501411,0
fmt,501410,0
libbsd,497745,0
pciutils,496879,0
libiptcdata,496485,0
lcms2,496333,0
sushi,495042,0
bc,493854,0
python3-requests,493806,0
libswscale-free,493068,0
libuv,488929,0
gzip,487637,0
libmspub,487043,0
openjpeg2,485352,0
ntfs-3g-libs,485240,0
mtr,484961,0
python3-pyOpenSSL,484475,0
libpeas,483653,0
zimg,483420,0
accountsservice,483122,0
cups-pk-helper,482311,0
gssproxy,480240,0
glusterfs-cli,479834,0
dleyna-server,479298,0
liblouisutdml,479173,0
pipewire-pulseaudio,479034,0
SDL2_image,476508,0
soundtouch,476266,0
python3-libsemanage,475950,0
soxr,475592,0
gstreamer1-plugin-libav,475520,0
blivet-data,475260,0
gnome-user-share,474734,0
librdmacm,474526,0
jasper-libs,472882,0
paktype-naskh-basic-fonts,471906,0
gvfs-afp,471764,0
sound-theme-freedesktop,471450,0
libbpf,470308,0
python3-pyxdg,469381,0
gpgmepp,468805,0
fuse3,467354,0
rtkit,465650,0
trousers,465215,0
libXmu,459325,0
gspell,458740,0
python3-pyatspi,454141,0
rest,453999,0
spice-vdagent,452809,0
iio-sensor-proxy,452193,0
ima-evm-utils,450351,0
python3-pyparted,449956,0
atmel-firmware,449131,0
jbigkit-libs,448919,0
libjcat,448680,0
gupnp-av,448130,0
libnotify,447269,0
openssl-pkcs11,445782,0
libblockdev,445631,0
gnome-autoar,442170,0
adcli,442072,0
libreoffice-opensymbol-fonts,441905,0
cheese,439564,0
bzip2,438549,0
libdmapsharing,436926,0
polkit-pkla-compat,436637,0
sssd-proxy,436485,0
libnma-gtk4,436018,0
gdbm-libs,436010,0
libmaxminddb,435990,0
gsound,434942,0
libshout,434520,0
abrt-gui,432331,0
atkmm,431862,0
python3-dasbus,431416,0
gdb,431218,0
libmount,430149,0
liburing,429953,0
efibootmgr,429783,0
lrzsz,429669,0
lockdev,429541,0
policycoreutils-devel,429224,0
usbredir,429169,0
libteam,429100,0
libndp,428977,0
libaio,428597,0
libutempter,428353,0
openpgm,427280,0
libcap-ng,426396,0
adwaita-qt5,426371,0
polkit-libs,426044,0
libieee1284,424791,0
libqxp,422491,0
httpd,422409,0
libmodplug,421117,0
isomd5sum,420711,0
abrt-java-connector,420241,0
serd,419369,0
rpcbind,418555,0
libwacom,416752,0
libgfapi0,414656,0
libldac,412877,0
inih,412529,0
dleyna-renderer,411644,0
libXfont2,411107,0
libxcrypt,409077,0
abrt-addon-xorg,407794,0
libdecor,407016,0
elfutils-debuginfod-client,406834,0
libreport-gtk,406053,0
pipewire-alsa,405966,0
mesa-libEGL,404951,0
spice-gtk3,404450,0
shadow-utils-subid,404378,0
gvfs-goa,404049,0
cdparanoia-libs,403942,0
gvfs-gphoto2,403815,0
gvfs-mtp,403708,0
xcb-util-wm,403675,0
gvfs-afc,403594,0
lua-libs,403171,0
NetworkManager-wwan,402990,0
gvfs-smb,402516,0
NetworkManager-wifi,402166,0
cyrus-sasl-plain,401982,0
opus,401862,0
NetworkManager-ppp,401752,0
libvirt-daemon-driver-storage-gluster,401282,0
libblockdev-utils,400970,0
adwaita-qt6,400147,0
urw-base35-z003-fonts,400137,0
python3-enchant,399555,0
xmlsec1-openssl,399354,0
ndctl,396465,0
gupnp,392991,0
pinfo,390513,0
libreoffice-ogltrans,386378,0
libgexiv2,385946,0
xdg-user-dirs-gtk,385782,0
c-ares,385190,0
python3-cups,384290,0
swtpm,382387,0
lv2,382223,0
perl-Storable,380586,0
ibus-hangul,375570,0
braille-printer-app,375552,0
apr,373965,0
libsemanage,373854,0
xorg-x11-drv-amdgpu,373645,0
game-music-emu,372207,0
pinentry,370735,0
pangomm,370210,0
sssd-common-pac,370032,0
libmanette,369033,0
atk,368726,0
python3-brlapi,368380,0
usb_modeswitch,366033,0
google-noto-sans-sinhala-vf-fonts,363228,0
libsane-airscan,363125,0
fuse3-libs,362972,0
libabw,362194,0
sg3_utils-libs,361589,0
perl-PathTools,359765,0
bluez-libs,358984,0
libgcc,358140,0
sssd-ldap,356976,0
python3-pyudev,356650,0
sssd-kcm,355417,0
nss-util,354656,0
python3-packaging,354552,0
libshumate,354192,0
whois,353253,0
libedit,352790,0
lohit-telugu-fonts,351062,0
libfido2,350375,0
iw,349744,0
tzdata-java,349630,0
gtk-vnc2,348321,0
libgcab1,348081,0
xdg-user-dirs,346992,0
python3-productmd,346389,0
ibus-setup,342877,0
libpng,342711,0
libssh2,341396,0
boost-regex,339216,0
perl-IO,337687,0
mpdecimal,337511,0
gvnc,336783,0
os-prober,335000,0
libsodium,334323,0
gstreamer1-plugins-good-qt,334002,0
clutter-gst3,333389,0
dhcp-common,333357,0
perl-POSIX,333070,0
python3-meh,329636,0
alsa-ucm,327411,0
kmod,324433,0
crypto-policies-scripts,323849,0
python3-charset-normalizer,321531,0
ncurses-base,321488,0
xdg-utils,320636,0
openfec,319141,0
python3-olefile,317908,0
libwpg,317142,0
python3-soupsieve,316268,0
perl-podlators,315480,0
gom,315130,0
authselect,314863,0
ndctl-libs,312147,0
libgxps,312119,0
aajohan-comfortaa-fonts,310717,0
jbig2dec-libs,308611,0
qrencode-libs,308500,0
xorg-x11-xinit,308177,0
libvirt-gobject,307288,0
perl-interpreter,307102,0
libiscsi,306751,0
zlib,306235,0
libxkbfile,304407,0
kasumi-unicode,302670,0
libimobiledevice,302105,0
libcgroup,301745,0
libportal,300651,0
librepo,298940,0
qt5-qtx11extras,298073,0
lzo,297827,0
pcsc-lite,297782,0
libproxy,296542,0
apr-util,296239,0
libwmf-lite,296094,0
libdvdread,295934,0
perl-libnet,295892,0
libvirt-glib,295702,0
kmod-libs,295078,0
libass,293803,0
libnftnl,293690,0
libgrss,293447,0
libcomps,292967,0
vazirmatn-vf-fonts,292204,0
cairomm,292160,0
libtasn1,290924,0
ocl-icd,289874,0
sane-airscan,289455,0
libpagemaker,289233,0
mpage,288554,0
libmpc,288308,0
pptp,287901,0
libavif,287249,0
libzmf,287189,0
libnetfilter_conntrack,286970,0
autocorr-en,286881,0
libslirp,286241,0
libassuan,286110,0
xorg-x11-drv-nouveau,285249,0
pigz,284636,0
perl-Scalar-List-Utils,284477,0
ImageMagick,284240,0
samba-common-libs,283031,0
libtirpc,281530,0
libreport-plugin-reportuploader,280678,0
xkbcomp,280614,0
quota-nls,280116,0
popt,279794,0
accountsservice-libs,279160,0
libsss_certmap,279108,0
python3-argcomplete,277818,0
switcheroo-control,277261,0
perl-Socket,277064,0
librist,276725,0
libpipeline,275163,0
ipset-libs,274852,0
google-noto-sans-khmer-vf-fonts,274273,0
sssd-krb5,274174,0
sil-nuosu-fonts,273698,0
file,273570,0
xorg-x11-drv-qxl,273563,0
xz-libs,272333,0
libselinux,272285,0
libblkid,271969,0
libphodav,271677,0
iscsi-initiator-utils-iscsiuio,271135,0
libzip,271006,0
libimagequant,270327,0
boost-filesystem,270165,0
perl-Data-Dumper,270086,0
Box2D,269554,0
libnghttp2,269268,0
mod_lua,269247,0
libyaml,269235,0
rpm-build-libs,269230,0
libtommath,269093,0
libICE,269090,0
libsane-hpaio,268395,0
lz4-libs,268075,0
pipewire-gstreamer,267885,0
xmlsec1-nss,267430,0
libmspack,266914,0
python3-speechd,266154,0
python3-abrt,265575,0
sil-mingzat-fonts,265467,0
lasi,265296,0
gnome-bluetooth,264887,0
giflib,264480,0
pam_afs_session,264416,0
malcontent-control,264273,0
libXft,262853,0
usbmuxd,262794,0
memstrack,262500,0
NetworkManager-ssh-gnome,261778,0
power-profiles-daemon,261693,0
google-noto-naskh-arabic-vf-fonts,261241,0
time,261097,0
ipset,260863,0
libXpm,260423,0
gssdp,260280,0
libbytesize,260093,0
libsigc++20,258947,0
dmraid,258522,0
logrotate,258381,0
google-crosextra-caladea-fonts,257136,0
unoconv,255583,0
geocode-glib2,255245,0
libSM,255197,0
which,254452,0
startup-notification,252022,0
clutter-gtk,251523,0
libgusb,251096,0
libreport-plugin-ureport,250336,0
python3-rpm,250333,0
libseccomp,249484,0
graphene,249251,0
libXau,249075,0
gnome-classic-session,248995,0
bubblewrap,248931,0
libXdmcp,248098,0
libusb1,247686,0
vo-amrwbenc,247587,0
abrt-dbus,246940,0
libini_config,246152,0
libss,245423,0
libcom_err,245369,0
geoclue2-libs,245161,0
libmd,244909,0
libcollection,244792,0
libsss_nss_idmap,244374,0
low-memory-monitor,244134,0
libcue,243837,0
libsss_idmap,243782,0
libxklavier,243699,0
libpath_utils,243536,0
libdhash,243534,0
libref_array,243414,0
libbasicobjects,243300,0
libipa_hbac,243292,0
malcontent-libs,243258,0
liblqr-1,242824,0
python3-markupsafe,242679,0
perl-TermReadKey,242119,0
flatpak-session-helper,241261,0
cxl-libs,241213,0
gettext-envsubst,240830,0
mokutil,240742,0
pcre2-syntax,240727,0
libgfrpc0,239632,0
libev,239306,0
daxctl-libs,239291,0
dmidecode,238890,0
pcaudiolib,238763,0
vte-profile,238600,0
malcontent-ui-libs,238264,0
libfontenc,238232,0
paps,238142,0
libmediaart,237540,0
libgudev,237472,0
perl-Digest-MD5,237358,0
pkgconf,237339,0
traceroute,237272,0
liblouisutdml-utils,236958,0
nautilus-extensions,236542,0
libsss_sudo,235831,0
kpartx,235666,0
tree,235662,0
libijs,235580,0
libqrtr-glib,235079,0
libsrtp,234993,0
pkcs11-helper,233896,0
libdaemon,233735,0
gvncpulse,233594,0
libreport-plugin-logger,233406,0
libcacard,233110,0
libusbmuxd,232871,0
dleyna,232835,0
libasyncns,232798,0
gupnp-igd,232700,0
libkcapi,232696,0
lzop,232414,0
keyutils-libs,232209,0
libpskc,232126,0
stoken-libs,231572,0
mod_dnssd,231353,0
libcbor,231313,0
slirp4netns,231102,0
libsigsegv,231001,0
protobuf-c,230912,0
xdg-dbus-proxy,230609,0
libpaper,230361,0
libsmartcols,230347,0
libdvdnav,229868,0
libnet,229544,0
cjson,229470,0
libmnl,228955,0
libpasswdqc,228738,0
spice-webdavd,228055,0
libtool-ltdl,227968,0
perl-MIME-Base64,227805,0
gtk-update-icon-cache,227783,0
libftdi,227742,0
libudfread,227732,0
libnsl2,227686,0
libdatrie,227665,0
libspectre,227630,0
lm_sensors-libs,227590,0
ipcalc,227496,0
dotconf,227476,0
device-mapper-event-libs,227404,0
twolame-libs,227312,0
libXcomposite,226973,0
npth,226699,0
libgdither,226642,0
linux-atm-libs,226615,0
jansson,226100,0
gnome-video-effects,225809,0
libcloudproviders,225649,0
libreport-plugin-kerneloops,225411,0
hyphen,224796,0
fuse-overlayfs,224695,0
libswresample-free,224460,0
sshpass,224247,0
b43-fwcutter,223870,0
alternatives,223718,0
gnome-terminal-nautilus,223474,0
libpostproc-free,223408,0
totem-video-thumbnailer,223316,0
hostname,223096,0
python3-satyr,223086,0
libffi,222968,0
libeot,222269,0
ntfs-3g-system-compression,221840,0
libXdamage,221779,0
perl-URI,221186,0
python3-libcomps,220992,0
mkpasswd,220800,0
pciutils-libs,220295,0
ghostscript,220110,0
libcap-ng-python3,220077,0
libfdt,219512,0
liba52,219043,0
libnfnetlink,218939,0
libsbc,218890,0
linux-firmware-whence,218681,0
libargon2,218675,0
python3,218058,0
xxhash-libs,217598,0
xorg-x11-drv-wacom-serial-support,217448,0
abrt-plugin-bodhi,216751,0
sudo-python-plugin,216541,0
anaconda-widgets,216394,0
perl-mro,215932,0
evince-djvu,215735,0
libXext,215373,0
lilv-libs,215330,0
snappy,215230,0
lmdb-libs,214640,0
libwayland-cursor,214416,0
python3-distro,214334,0
libchromaprint,214321,0
vid.stab,213647,0
qemu-device-display-qxl,213308,0
ilbc,212864,0
iptstate,212567,0
xprop,212519,0
system-config-printer-udev,211158,0
xorg-x11-drv-evdev,211024,0
mkfontscale,211016,0
libogg,210769,0
xorg-x11-drv-libinput,210351,0
editorconfig-libs,210223,0
gsm,210080,0
wpebackend-fdo,209804,0
libmysofa,209588,0
xorg-x11-xauth,209360,0
xmodmap,209095,0
keybinder3,209031,0
sssd-nfs-idmap,208621,0
xrdb,208455,0
cldr-emoji-annotation-dtd,208199,0
xorg-x11-drv-armsoc,207993,0
double-conversion,207976,0
json-c,207539,0
libwpe,207422,0
libb2,207414,0
lohit-kannada-fonts,206992,0
zchunk-libs,206861,0
libXtst,206800,0
qemu-device-usb-redirect,206797,0
perl-Fcntl,206685,0
xhost,206655,0
perl-NDBM_File,206600,0
libmetalink,206424,0
unbound-anchor,206417,0
libeconf,206195,0
qemu-device-display-virtio-gpu,206091,0
qemu-device-usb-host,206065,0
boost-thread,205921,0
bzip2-libs,205916,0
libpciaccess,205819,0
speex,205772,0
qemu-block-curl,205712,0
pcsc-lite-libs,205698,0
xcb-util-renderutil,205686,0
libXi,205661,0
qemu-block-gluster,205619,0
qemu-block-blkio,205601,0
qemu-ui-spice-core,205339,0
udisks2-iscsi,205166,0
liboauth,205119,0
numad,205096,0
dbus-x11,205017,0
libXrandr,204924,0
hypervkvpd,204852,0
mythes,204541,0
xcb-util-cursor,204485,0
PackageKit-command-not-found,204329,0
setxkbmap,204255,0
libXinerama,204229,0
swtpm-libs,204228,0
compsize,204196,0
sratom,204143,0
libpeas-gtk,204060,0
sgpio,204055,0
qemu-block-ssh,204047,0
qemu-block-iscsi,204001,0
speech-dispatcher-espeak-ng,203939,0
fstrm,203812,0
abrt-addon-pstoreoops,203777,0
libwayland-server,203736,0
qemu-ui-gtk,203724,0
iniparser,203648,0
device-mapper-event,203580,0
xcb-util,203565,0
libxcvt,203558,0
boost-iostreams,203540,0
fprintd-pam,203510,0
libXfixes,203490,0
nss-sysinit,203430,0
xcb-util-image,203384,0
librabbitmq,203357,0
libwayland-client,203280,0
libXrender,203255,0
libXv,203233,0
qemu-device-display-virtio-gpu-gl,203222,0
libevdev,203131,0
libtevent,203020,0
libpkgconf,203001,0
gvfs-fuse,202978,0
gnutls-dane,202956,0
symlinks,202952,0
xorg-x11-drv-fbdev,202948,0
poppler-cpp,202854,0
boost-chrono,202841,0
libzstd-devel,202817,0
qemu-device-usb-smartcard,202806,0
libtdb,202708,0
jxl-pixbuf-loader,202702,0
libuuid,202637,0
libXcursor,202624,0
numactl-libs,202614,0
libverto,202605,0
python3-pwquality,202472,0
qemu-block-rbd,202463,0
libXxf86vm,202451,0
mtdev,202437,0
libglvnd-egl,202420,0
gstreamer1-plugins-good-qt6,202377,0
qemu-block-nfs,202367,0
evince-previewer,202365,0
mesa-libgbm,202268,0
libblockdev-lvm,202226,0
libreport-plugin-systemd-journal,202220,0
qemu-ui-sdl,202140,0
qemu-audio-alsa,202040,0
NetworkManager-bluetooth,202035,0
boost-atomic,202025,0
pinentry-gnome3,202019,0
qemu-char-spice,201987,0
libXres,201986,0
libvdpau,201970,0
libreport-cli,201940,0
xisxwayland,201926,0
webp-pixbuf-loader,201911,0
fwupd-plugin-modem-manager,201879,0
libfsverity,201848,0
abrt-libs,201838,0
evince-thumbnailer,201824,0
xcb-util-keysyms,201811,0
qemu-audio-dbus,201792,0
libraqm,201762,0
pam_passwdqc,201751,0
dmraid-events,201729,0
libkcapi-hmaccalc,201725,0
libpsl,201672,0
libattr,201661,0
libwayland-egl,201626,0
libatomic,201562,0
criu-libs,201554,0
qemu-ui-opengl,201551,0
libtalloc,201522,0
libreport-web,201482,0
qemu-device-display-virtio-vga,201443,0
avahi-gobject,201408,0
sane-backends-libs,201398,0
libblockdev-fs,201392,0
cyrus-sasl-gssapi,201384,0
gstreamer1-plugins-good-gtk,201360,0
qemu-audio-pa,201350,0
libblockdev-lvm-dbus,201326,0
qemu-audio-oss,201311,0
qemu-audio-jack,201304,0
boost-date-time,201300,0
boost-system,201289,0
qemu-audio-sdl,201287,0
qemu-audio-spice,201201,0
qemu-ui-curses,201135,0
hypervvssd,201130,0
rpm-plugin-systemd-inhibit,201126,0
libacl,201122,0
bluez-cups,201114,0
qemu-char-baum,201106,0
plymouth-plugin-two-step,201090,0
ibus-gtk3,201088,0
NetworkManager-team,201086,0
libportal-gtk4,201080,0
libportal-gtk3,201080,0
gvfs-archive,201057,0
qemu-ui-egl-headless,201045,0
hypervfcopyd,201030,0
libproxy-duktape,201026,0
qemu-device-display-virtio-gpu-pci,201023,0
qemu-device-display-virtio-gpu-ccw,200989,0
libblockdev-mdraid,200984,0
xmlrpc-c-client,200982,0
python3-gobject,200972,0
qemu-ui-spice-app,200970,0
NetworkManager-adsl,200966,0
ibus-gtk4,200955,0
libvirt-daemon-driver-storage-rbd,200940,0
pulseaudio-libs-glib2,200916,0
rpm-plugin-selinux,200907,0
libvirt-daemon-driver-storage-logical,200896,0
abrt-gui-libs,200894,0
libpeas-loader-python3,200893,0
PackageKit-gstreamer-plugin,200872,0
libvirt-daemon-driver-storage-iscsi-direct,200845,0
libvirt-daemon-driver-storage-disk,200829,0
libblockdev-btrfs,200814,0
PackageKit-gtk3-module,200788,0
qemu-device-display-virtio-vga-gl,200782,0
fwupd-plugin-flashrom,200762,0
avahi-glib,200762,0
libvirt-daemon-driver-storage-scsi,200749,0
libverto-libev,200732,0
plymouth-plugin-label,200727,0
libvirt-daemon-driver-storage-iscsi,200726,0
libxkbcommon-x11,200720,0
colord-gtk4,200708,0
libblockdev-nvdimm,200680,0
qemu-block-dmg,200675,0
libblockdev-mpath,200662,0
libblockdev-swap,200660,0
libblockdev-part,200660,0
libvirt-daemon-driver-storage-mpath,200654,0
harfbuzz-icu,200630,0
qemu-device-display-virtio-gpu-pci-gl,200618,0
libblockdev-crypto,200616,0
apr-util-openssl,200583,0
libblockdev-dm,200552,0
libblockdev-kbd,200498,0
libblockdev-loop,200468,0
libxshmfence,200456,0
rpm-sign-libs,200388,0
flexiblas-openblas-openmp,200325,0
apr-util-bdb,200287,0
cairo-gobject,200128,0
libX11-xcb,199980,0
gnome-keyring-pam,199891,0
abattis-cantarell-vf-fonts,196951,0
dkms,196502,0
dracut-network,195706,0
passt-selinux,192880,0
python3-humanize,192680,0
rit-meera-new-fonts,188760,0
media-player-info,185517,0
lohit-devanagari-fonts,183774,0
langtable,181603,0
libsmbclient,179920,0
uresourced,176806,0
libreoffice-langpack-en,175628,0
python3-tempita,170535,0
kdump-anaconda-addon,168771,0
perl-Pod-Perldoc,166968,0
perl-File-Temp,166172,0
fwupd-efi,163343,0
perl-HTTP-Tiny,155588,0
google-noto-sans-georgian-vf-fonts,148338,0
google-noto-sans-gurmukhi-vf-fonts,148268,0
crypto-policies,146211,0
lohit-bengali-fonts,145663,0
lohit-assamese-fonts,145570,0
plymouth-theme-spinner,144361,0
zlib-devel,142482,0
samba-common,142275,0
perl-Getopt-Long,141332,0
usb_modeswitch-data,137492,0
google-noto-sans-cherokee-vf-fonts,136247,0
whois-nls,134842,0
libreport-plugin-bugzilla,130795,0
xorg-x11-server-common,130336,0
gnome-browser-connector,126170,0
iwlegacy-firmware,126070,0
python3-six,125652,0
fedora-gpg-keys,123599,0
python3-blockdev,121866,0
policycoreutils-python-utils,119472,0
containers-common,118744,0
google-noto-sans-canadian-aboriginal-vf-fonts,109728,0
python3-pysocks,108115,0
hyphen-en,106371,0
python3-augeas,101390,0
perl-IO-Socket-IP,99928,0
perl-Term-ANSIColor,99819,0
fedora-bookmarks,96394,0
lohit-odia-fonts,96305,0
lohit-marathi-fonts,93197,0
git,87279,0
perl-Pod-Usage,86712,0
urw-base35-d050000l-fonts,86336,0
abrt-tui,85820,0
python3-ptyprocess,84611,0
lohit-gujarati-fonts,84367,0
openblas,83482,0
mailcap,82923,0
fedora-third-party,81700,0
libertas-usb8388-firmware,81344,0
xml-common,80280,0
perl-Error,79070,0
google-noto-sans-thai-vf-fonts,78892,0
libwbclient,76060,0
flexiblas,74579,0
gnome-shell-extension-window-list,74197,0
hicolor-icon-theme,73932,0
perl-overload,73038,0
google-noto-sans-lao-vf-fonts,71307,0
fpaste,69646,0
container-selinux,68769,0
publicsuffix-list-dafsa,67897,0
perl-Time-Local,67019,0
perl-Git,65541,0
perl-File-Path,65002,0
livesys-scripts,63790,0
geocode-glib-data,63586,0
python3-bytesize,61666,0
lohit-tamil-fonts,60667,0
gnome-shell-extension-background-logo,59656,0
libgfxdr0,57912,0
google-noto-sans-hebrew-vf-fonts,55728,0
perl-Exporter,55219,0
libreport-fedora,54755,0
fros,50686,0
python3-urllib3+socks,49629,0
grubby,48970,0
gnome-themes-extra,48712,0
perl-Carp,47642,0
python3-louis,45793,0
qemu-user-static,45699,0
urw-base35-standard-symbols-ps-fonts,45248,0
zd1211-firmware,44600,0
python3-requests-ftp,44579,0
python3-pid,42428,0
perl-File-Find,39534,0
dnf-data,39236,0
dracut-live,38942,0
vpnc-script,38674,0
urw-base35-fonts-common,38280,0
cifs-utils-info,38199,0
abrt-addon-vmcore,38071,0
perl-Digest,36060,0
google-noto-sans-armenian-vf-fonts,35765,0
sssd,35147,0
elfutils-libelf-devel,34588,0
python3-nftables,34420,0
perl-DynaLoader,33832,0
google-noto-sans-thaana-vf-fonts,32375,0
b43-openfwwf,31549,0
libxcrypt-devel,30995,0
python3-file-magic,30672,0
perl-Term-Cap,29957,0
python3-meh-gui,29695,0
perl-Class-Struct,26954,0
perl-constant,26840,0
plymouth-scripts,25939,0
selinux-policy,25743,0
libreoffice-emailmerge,25551,0
perl-Pod-Escapes,25476,0
perl-IPC-Open3,24966,0
perl-Text-Tabs+Wrap,23928,0
gnome-shell-extension-apps-menu,23818,0
dnf-plugins-core,22934,0
anaconda-live,22872,0
yum,22235,0
perl-AutoLoader,22037,0
gnome-shell-extension-places-menu,21142,0
copy-jdk-configs,20756,0
bind-license,19672,0
libreport-anaconda,19635,0
python3-abrt-addon,19482,0
fedora-chromium-config-gssapi,18753,0
hyperv-daemons-license,18693,0
fedora-chromium-config-gnome,18203,0
google-noto-fonts-common,18083,0
vim-data,18066,0
fedora-chromium-config,18047,0
tigervnc-license,18000,0
fedora-release-common,17464,0
fros-gnome,16114,0
gnome-session-wayland-session,15851,0
gnome-session-xsession,15745,0
perl-File-Basename,15340,0
tesseract-tessdata-doc,15313,0
pkgconf-m4,14187,0
perl-File-stat,13946,0
perl-Text-ParseWords,13839,0
perl-base,13820,0
python3-requests-file,12750,0
flatpak-selinux,12507,0
liberation-fonts-common,12495,0
fedora-logos-httpd,12351,0
perl-Getopt-Std,12305,0
dbus-common,11504,0
wireless-regdb,11355,0
perl-FileHandle,10530,0
perl-parent,9959,0
perl-lib,9673,0
perl-Errno,9507,0
kasumi-common,9124,0
perl-Symbol,7954,0
perl-locale,7370,0
perl-if,6896,0
perl-Mozilla-CA,6187,0
perl-overloading,5894,0
initscripts-service,5832,0
urw-base35-fonts,5478,0
fedora-flathub-remote,5257,0
perl-vars,4927,0
fedora-repos,4597,0
fedora-repos-modular,4042,0
dracut-config-rescue,3755,0
mesa-filesystem,3682,0
ghostscript-tools-printing,3553,0
perl-SelectSaver,3171,0
dracut-squash,3100,0
ghostscript-tools-fonts,2531,0
fedora-release-identity-workstation,2206,0
javapackages-filesystem,1932,0
elfutils-default-yama-scope,1810,0
fedora-workstation-repositories,1530,0
qt-settings,1164,0
gnome-shell-extension-launch-new-instance,1007,0
pkgconf-pkg-config,990,0
rootfiles,817,0
f38-backgrounds-gnome,706,0
nano-default-editor,514,0
mariadb-connector-c-config,497,0
libvirt-daemon-config-network,470,0
httpd-filesystem,464,0
langpacks-en,400,0
langpacks-core-en,398,0
desktop-backgrounds-gnome,361,0
langpacks-core-font-en,351,0
zram-generator-defaults,320,0
NetworkManager-config-connectivity-fedora,310,0
libssh-config,277,0
firewalld-filesystem,239,0
systemd-oomd-defaults,187,0
color-filesystem,151,0
filesystem,106,0
qt5-qtbase-common,78,0
qt6-qtbase-common,74,0
fuse-common,38,0
web-assets-filesystem,34,0
pipewire-jack-audio-connection-kit,30,0
python-unversioned-command,23,0
